Seq#,tTrig,StPos,Tvp,Tva,Trnout,Tmot,EndPos,LagPos,TgtPos,MotErr,DifPos,Tgt+/-,Rot,Ttotal
1,3251,61,53,0,40,40,61,60,0,0,-1,60,0,501
2,3252,61,53,0,40,40,60,60,0,1,0,60,0,501
3,3253,61,53,0,40,40,60,60,0,1,0,60,0,501
4,3254,61,53,1,40,41,60,60,0,1,0,60,0,501
5,3255,60,52,0,40,40,61,61,0,0,0,61,0,501
6,3256,61,53,0,40,40,61,60,0,0,-1,60,0,501
7,3257,61,53,0,40,40,61,60,0,0,-1,60,0,501
8,3258,61,53,0,40,40,61,60,0,0,-1,60,0,501
9,3259,60,52,0,40,40,61,60,0,1,-1,60,0,501
10,3260,60,52,0,40,40,61,61,0,0,0,61,0,501
11,3261,60,52,0,40,40,60,61,0,1,1,61,0,501
12,3262,60,52,0,40,40,61,61,0,1,0,61,0,501
13,3263,60,52,0,40,40,61,61,0,1,0,61,0,501
14,3264,60,52,0,40,40,60,61,0,0,1,61,0,501
15,3265,60,52,0,40,40,60,61,0,0,1,61,0,501
16,3267,61,53,0,40,40,60,60,0,0,0,60,0,501
17,3268,60,52,0,40,40,60,61,0,0,1,61,0,501
18,3269,60,52,0,40,40,60,61,0,0,1,61,0,501
19,3270,61,53,0,40,40,60,60,0,0,0,60,0,501
20,3271,61,53,0,40,40,60,60,0,0,0,60,0,501
21,3272,61,53,0,40,40,60,60,0,0,0,60,0,501
22,3273,61,53,0,40,40,60,60,0,1,0,60,0,501
23,3274,61,53,0,40,40,61,60,0,0,-1,60,0,501
24,3275,61,53,0,40,40,60,60,0,1,0,60,0,501
25,3276,60,52,0,40,40,61,60,0,0,-1,60,0,501
26,3277,60,52,0,40,40,61,60,0,0,-1,60,0,501
27,3278,61,53,0,40,40,61,60,0,1,-1,60,0,501
28,3279,60,52,0,40,40,61,60,0,1,-1,60,0,501
29,3280,60,52,0,40,40,61,60,0,0,-1,60,0,501
30,3281,60,52,0,40,40,61,61,0,1,0,61,0,501
31,3282,60,52,0,40,40,61,61,0,1,0,61,0,501
32,3284,60,52,0,40,40,61,61,0,1,0,61,0,501
33,3285,60,52,0,40,40,61,61,0,1,0,61,0,501
34,3286,60,52,0,40,40,61,61,0,1,0,61,0,501
35,3287,60,52,0,40,40,60,61,0,0,1,61,0,501
36,3288,61,53,0,40,40,60,60,0,0,0,60,0,501
37,3289,60,52,0,40,40,60,61,0,0,1,61,0,502
38,3290,60,52,0,40,40,60,61,0,0,1,61,0,501
39,3291,60,52,0,40,40,60,60,0,0,0,60,0,501
40,3292,61,53,0,40,40,60,60,0,1,0,60,0,500
41,3293,61,53,0,40,40,60,60,0,0,0,60,0,501
42,3294,61,53,0,40,40,60,60,0,0,0,60,0,501
43,3295,61,53,0,40,40,60,60,0,1,0,60,0,501
44,3296,61,53,0,40,40,60,60,0,1,0,60,0,501
45,3297,60,52,0,40,40,60,60,0,1,0,60,0,501
46,3298,60,52,0,40,40,61,61,0,0,0,61,0,501
47,3300,60,52,0,40,40,61,60,0,0,-1,60,0,501
48,3301,60,52,0,40,40,61,60,0,1,-1,60,0,501
49,3302,60,52,0,40,40,61,60,0,0,-1,60,0,501
50,3303,60,52,0,40,40,61,60,0,1,-1,60,0,501
51,3304,60,52,0,40,40,61,61,0,1,0,61,0,501
52,3305,60,52,0,40,40,60,61,0,1,1,61,0,501
53,3306,60,52,0,40,40,60,61,0,1,1,61,0,501
54,3307,60,52,0,40,40,60,61,0,0,1,61,0,501
55,3308,60,52,0,40,40,60,61,0,0,1,61,0,501
56,3309,60,52,0,40,40,61,61,0,1,0,61,0,501
57,3310,60,52,0,40,40,60,60,0,0,0,60,0,501
58,3311,61,53,0,40,40,60,60,0,0,0,60,0,501
59,3312,60,52,0,40,40,60,61,0,1,1,61,0,501
60,3313,61,53,0,40,40,60,60,0,0,0,60,0,501
61,3314,61,53,0,40,40,60,60,0,0,0,60,0,502
62,3315,61,53,0,40,40,60,60,0,0,0,60,0,501
63,3317,61,53,0,40,40,60,60,0,1,0,60,0,501
64,3318,61,53,0,40,40,60,60,0,0,0,60,0,501
65,3319,61,53,0,40,40,61,60,0,0,-1,60,0,501
66,3320,61,53,0,40,40,60,60,0,1,0,60,0,501
67,3321,60,52,0,40,40,60,60,0,1,0,60,0,501
68,3322,60,52,0,40,40,61,60,0,0,-1,60,0,501
69,3323,60,52,0,40,40,61,60,0,0,-1,60,0,501
70,3324,60,52,0,40,40,61,60,0,0,-1,60,0,501
71,3325,60,52,0,40,40,61,60,0,0,-1,60,0,500
72,3326,60,52,0,40,40,61,60,0,1,-1,60,0,501
73,3327,60,52,0,40,40,61,60,0,0,-1,60,0,501
74,3328,60,52,0,40,40,61,60,0,0,-1,60,0,501
75,3329,60,52,0,40,40,60,61,0,1,1,61,0,501
76,3330,60,52,0,40,40,61,61,0,1,0,61,0,501
77,3331,60,52,0,40,40,60,61,0,0,1,61,0,501
78,3333,60,52,0,40,40,61,61,0,1,0,61,0,501
79,3334,60,52,0,40,40,60,61,0,0,1,61,0,501
80,3335,60,52,0,40,40,60,60,0,0,0,60,0,501
81,3336,60,52,0,40,40,60,61,0,0,1,61,0,501
82,3337,60,52,0,40,40,60,60,0,0,0,60,0,501
83,3338,61,53,0,40,40,60,61,0,0,1,61,0,501
84,3339,60,52,0,40,40,60,61,0,0,1,61,0,501
85,3340,60,52,0,40,40,60,60,0,0,0,60,0,501
86,3341,60,52,0,40,40,60,61,0,0,1,61,0,501
87,3342,61,53,0,40,40,60,61,0,0,1,61,0,501
88,3343,61,53,0,40,40,61,60,0,0,-1,60,0,501
89,3344,61,53,0,40,40,60,60,0,0,0,60,0,501
90,3345,61,53,0,40,40,60,60,0,0,0,60,0,501
91,3346,61,53,0,40,40,60,60,0,0,0,60,0,501
92,3347,61,53,0,40,40,60,60,0,1,0,60,0,501
93,3348,61,53,0,40,40,60,60,0,1,0,60,0,501
94,3350,60,52,0,40,40,60,60,0,1,0,60,0,501
95,3351,60,52,0,40,40,61,60,0,0,-1,60,0,501
96,3352,60,52,0,40,40,61,60,0,0,-1,60,0,501
97,3353,61,53,0,40,40,61,60,0,0,-1,60,0,501
98,3354,60,52,0,40,40,61,60,0,1,-1,60,0,502
99,3355,61,53,0,40,40,61,60,0,1,-1,60,0,501
100,3356,60,52,0,40,40,61,60,0,0,-1,60,0,501
101,3357,60,52,0,40,40,61,61,0,0,0,61,0,500
102,3358,60,52,0,40,40,61,61,0,1,0,61,0,501
103,3359,60,52,0,40,40,60,61,0,0,1,61,0,501
104,3360,60,52,0,40,40,60,61,0,1,1,61,0,501
105,3361,60,52,0,40,40,60,61,0,1,1,61,0,501
106,3362,60,52,0,40,40,60,61,0,1,1,61,0,501
107,3363,60,52,0,40,40,61,61,0,1,0,61,0,501
108,3364,60,52,0,40,40,60,61,0,0,1,61,0,501
109,3366,60,52,0,40,40,60,61,0,0,1,61,0,500
110,3367,60,52,0,40,40,61,61,0,1,0,61,0,501
111,3368,60,52,0,40,40,61,61,0,1,0,61,0,501
112,3369,60,52,0,40,40,60,61,0,0,1,61,0,501
113,3370,60,52,0,40,40,60,60,0,0,0,60,0,501
114,3371,61,53,0,40,40,60,61,0,0,1,61,0,501
115,3372,60,52,0,40,40,60,61,0,0,1,61,0,502
116,3373,60,52,0,40,40,60,60,0,0,0,60,0,501
117,3374,61,53,0,40,40,60,61,0,0,1,61,0,501
118,3375,61,53,0,40,40,60,61,0,0,1,61,0,501
119,3376,61,53,0,40,40,60,60,0,0,0,60,0,501
120,3377,61,53,0,40,40,60,60,0,0,0,60,0,501
121,3378,61,53,0,40,40,60,60,0,0,0,60,0,500
122,3379,61,53,0,40,40,61,60,0,0,-1,60,0,501
123,3380,61,53,0,40,40,60,60,0,1,0,60,0,501
124,3382,61,53,0,40,40,60,60,0,1,0,60,0,501
125,3383,61,53,0,40,40,60,60,0,1,0,60,0,501
126,3384,61,53,0,40,40,60,60,0,1,0,60,0,501
127,3385,60,52,0,40,40,61,60,0,0,-1,60,0,502
128,3386,60,52,0,40,40,61,61,0,0,0,61,0,501
129,3387,60,52,0,40,40,61,60,0,1,-1,60,0,501
130,3388,61,53,0,40,40,61,60,0,0,-1,60,0,501
131,3389,60,52,0,40,40,61,60,0,0,-1,60,0,501
132,3390,60,52,0,40,40,61,60,0,0,-1,60,0,501
133,3391,60,52,0,40,40,60,61,0,0,1,61,0,501
134,3392,60,52,0,40,40,60,61,0,0,1,61,0,501
135,3393,60,52,0,40,40,60,61,0,0,1,61,0,501
136,3394,60,52,0,40,40,60,61,0,0,1,61,0,501
137,3395,60,52,0,40,40,60,61,0,0,1,61,0,501
138,3396,60,52,0,40,40,60,61,0,0,1,61,0,501
139,3397,60,52,0,40,40,60,60,0,0,0,60,0,501
140,3399,60,52,0,40,40,60,60,0,0,0,60,0,501
141,3400,60,52,0,40,40,60,60,0,0,0,60,0,501
142,3401,60,52,0,40,40,60,61,0,1,1,61,0,501
143,3402,60,52,0,40,40,60,61,0,0,1,61,0,501
144,3403,61,53,0,40,40,60,60,0,1,0,60,0,501
145,3404,61,53,0,40,40,60,60,0,0,0,60,0,501
146,3405,61,53,0,40,40,60,60,0,0,0,60,0,501
147,3406,61,53,0,40,40,61,60,0,0,-1,60,0,501
148,3407,61,53,0,40,40,60,60,0,1,0,60,0,501
149,3408,61,53,0,40,40,60,60,0,1,0,60,0,501
150,3409,60,52,0,40,40,60,60,0,1,0,60,0,501
151,3410,60,52,0,40,40,61,60,0,0,-1,60,0,501
152,3411,61,53,0,40,40,61,60,0,0,-1,60,0,501
153,3412,61,53,0,40,40,61,60,0,0,-1,60,0,501
154,3413,61,53,0,40,40,61,61,0,0,0,61,0,501
155,3415,60,52,0,40,40,61,60,0,1,-1,60,0,501
156,3416,60,52,0,40,40,61,60,0,1,-1,60,0,501
157,3417,60,52,0,40,40,61,60,0,0,-1,60,0,501
158,3418,60,52,0,40,40,61,60,0,0,-1,60,0,501
159,3419,60,52,0,40,40,60,61,0,1,1,61,0,501
160,3420,60,52,0,40,40,60,61,0,0,1,61,0,501
161,3421,60,52,0,40,40,60,61,0,1,1,61,0,501
162,3422,60,52,0,40,40,60,61,0,0,1,61,0,501
163,3423,60,52,0,40,40,60,61,0,0,1,61,0,501
164,3424,60,52,0,40,40,61,61,0,1,0,61,0,501
165,3425,60,52,0,40,40,61,61,0,1,0,61,0,501
166,3426,60,52,0,40,40,61,61,0,1,0,61,0,500
167,3427,60,52,0,40,40,60,60,0,0,0,60,0,501
168,3428,60,52,0,40,40,60,61,0,0,1,61,0,501
169,3429,60,52,0,40,40,60,61,0,0,1,61,0,501
170,3430,60,52,0,40,40,60,60,0,0,0,60,0,501
171,3432,60,52,0,40,40,60,60,0,0,0,60,0,501
172,3433,61,53,0,40,40,60,60,0,0,0,60,0,501
173,3434,61,53,0,40,40,60,60,0,1,0,60,0,500
174,3435,61,53,0,40,40,60,60,0,0,0,60,0,501
175,3436,61,53,0,40,40,60,60,0,0,0,60,0,501
176,3437,61,53,0,40,40,60,60,0,0,0,60,0,501
177,3438,61,53,0,40,40,60,60,0,1,0,60,0,502
178,3439,61,53,0,40,40,60,60,0,1,0,60,0,501
179,3440,61,53,0,40,40,60,60,0,1,0,60,0,501
180,3441,61,53,0,40,40,61,60,0,0,-1,60,0,501
181,3442,60,52,0,40,40,61,60,0,0,-1,60,0,501
182,3443,61,53,0,40,40,61,61,0,0,0,61,0,501
183,3444,61,53,0,40,40,61,60,0,0,-1,60,0,501
184,3445,61,53,0,40,40,61,60,0,0,-1,60,0,501
185,3446,60,52,0,40,40,61,60,0,0,-1,60,0,501
186,3448,60,52,0,40,40,61,61,0,1,0,61,0,501
187,3449,61,53,0,40,40,61,60,0,1,-1,60,0,501
188,3450,60,52,0,40,40,61,60,0,1,-1,60,0,501
189,3451,60,52,0,40,40,61,60,0,1,-1,60,0,501
190,3452,60,52,0,40,40,61,61,0,1,0,61,0,501
191,3453,60,52,0,40,40,61,61,0,0,0,61,0,501
192,3454,60,52,0,40,40,61,61,0,1,0,61,0,501
193,3455,60,52,0,40,40,60,61,0,0,1,61,0,501
194,3456,60,52,0,40,40,61,61,0,1,0,61,0,501
195,3457,60,52,0,40,40,61,61,0,1,0,61,0,501
196,3458,60,52,0,40,40,60,61,0,0,1,61,0,501
197,3459,60,52,0,40,40,61,61,0,1,0,61,0,501
198,3460,60,52,0,40,40,61,61,0,1,0,61,0,502
199,3461,60,52,0,40,40,60,60,0,0,0,60,0,501
200,3462,60,52,0,40,40,60,61,0,0,1,61,0,501
201,3463,60,21,21,120,141,39,39,31,0,0,8,0,522
202,3465,39,15,15,130,145,17,17,16,0,0,1,0,516
203,3466,17,17,17,130,147,8184,8184,8184,0,0,0,0,518
204,3467,8183,13,13,130,143,8160,8160,8162,0,0,-2,0,514
205,3468,8160,9,9,120,129,8172,8172,8178,0,0,-6,1,510
206,3469,8172,13,13,130,143,3,3,2,0,0,1,1,514
207,3470,3,4,0,40,40,3,3,16,0,0,-13,1,501
208,3471,3,33,33,140,173,46,46,47,0,0,-1,1,534
209,3472,46,4,0,40,40,46,46,58,0,0,-12,1,501
210,3473,46,16,16,140,156,81,81,72,0,0,9,1,517
211,3474,81,0,0,40,40,81,81,84,0,0,-3,1,501
212,3475,81,2,0,40,40,81,81,71,0,0,10,0,501
213,3476,81,20,20,120,140,56,55,53,1,-1,2,0,521
214,3477,55,14,14,130,144,31,31,33,0,0,-2,0,515
215,3478,31,8,8,120,128,14,14,15,0,0,-1,0,509
216,3479,14,3,0,40,40,14,14,3,0,0,11,0,501
217,3481,14,14,14,140,154,8183,8183,8184,0,0,-1,0,515
218,3482,8183,9,9,120,129,8164,8164,8166,0,0,-2,0,510
219,3483,8164,12,12,140,152,8140,8140,8144,0,0,-4,0,514
220,3484,8140,7,7,110,117,8149,8150,8156,0,1,-6,1,508
221,3485,8150,11,11,120,131,8169,8169,8170,0,0,-1,1,512
222,3486,8169,5,0,40,40,8170,8170,8183,1,0,-13,1,501
223,3487,8169,0,0,40,40,8169,8169,8170,0,0,-1,1,501
224,3488,8169,11,11,120,131,8155,8155,8150,0,0,5,0,512
225,3489,8155,17,17,130,147,8126,8126,8130,0,0,-4,0,518
226,3490,8126,13,13,130,143,8148,8148,8148,0,0,0,1,513
227,3491,8148,13,12,130,142,8172,8172,8170,0,0,2,1,514
228,3492,8172,34,34,140,174,24,25,25,0,1,0,1,535
229,3493,24,7,7,40,47,24,24,9,0,0,15,0,508
230,3494,23,24,24,140,164,8179,8179,8183,0,0,-4,0,525
231,3495,8179,3,0,40,40,8179,8179,8168,0,0,11,0,501
232,3496,8179,18,18,130,148,8150,8149,8153,0,-1,-4,0,519
233,3498,8149,28,28,140,168,8108,8108,8113,0,0,-5,0,529
234,3499,8108,12,11,140,151,8132,8132,8129,0,0,3,1,512
235,3500,8132,15,15,130,145,8158,8158,8157,1,0,1,1,516
236,3501,8157,17,17,130,147,8184,8184,8184,0,0,0,1,518
237,3502,8184,3,0,40,40,8184,8184,3,1,0,-11,1,501
238,3503,8184,0,0,40,40,8185,8184,8183,1,-1,1,0,501
239,3504,8184,24,24,130,154,8159,8158,8152,1,-1,6,0,525
240,3505,8158,33,33,140,173,8113,8113,8117,0,0,-4,0,534
241,3506,8113,0,0,40,40,8114,8113,8105,0,-1,8,0,501
242,3507,8113,15,15,130,145,8138,8138,8138,0,0,0,1,516
243,3508,8138,32,32,140,172,8182,8182,8181,0,0,1,1,533
244,3509,8183,24,25,130,155,23,24,26,0,1,-2,1,526
245,3510,24,25,25,130,155,61,61,60,0,0,1,1,526
246,3511,61,9,9,120,129,54,54,44,0,0,10,0,510
247,3512,54,24,24,130,154,25,25,22,0,0,3,0,525
248,3514,24,16,16,120,136,0,0,0,0,0,0,0,517
249,3515,0,12,12,130,142,8170,8170,8172,0,0,-2,0,513
250,3516,8170,9,9,120,129,8154,8154,8153,0,0,1,0,509
251,3517,8154,21,21,130,151,8124,8124,8125,0,0,-1,0,522
252,3518,8124,6,6,100,106,8127,8128,8139,1,1,-11,1,507
253,3519,8128,21,21,130,151,8159,8159,8159,0,0,0,1,522
254,3520,8159,8,9,120,129,8171,8171,8176,0,0,-5,1,509
255,3521,8171,1,0,40,40,8171,8171,8162,0,0,9,0,501
256,3522,8170,22,22,140,162,8142,8142,8140,0,0,2,0,523
257,3523,8142,20,20,130,150,8111,8111,8114,0,0,-3,0,521
258,3524,8111,23,23,140,163,8075,8075,8080,0,0,-5,0,524
259,3525,8075,15,15,140,155,8101,8101,8100,0,0,1,1,516
260,3526,8101,13,12,130,142,8124,8124,8123,0,0,1,1,514
261,3527,8124,34,34,140,174,8171,8171,8169,0,0,2,1,535
262,3528,8171,6,6,90,96,8175,8175,8186,0,0,-11,1,507
263,3529,8175,20,21,140,161,17,17,13,0,0,4,1,521
264,3531,17,5,0,40,40,17,17,31,0,0,-14,1,501
265,3532,17,19,19,140,159,51,52,46,1,1,6,1,520
266,3533,52,17,17,130,147,84,84,79,0,0,5,1,518
267,3534,84,4,0,40,40,84,84,97,0,0,-13,1,500
268,3535,84,32,32,140,172,135,135,127,0,0,8,1,533
269,3536,135,20,20,130,150,167,167,165,0,0,2,1,521
270,3537,167,22,23,130,153,202,202,199,0,0,3,1,523
271,3538,202,11,11,130,141,225,225,222,0,0,3,1,512
272,3539,225,12,12,130,142,205,205,205,0,0,0,0,513
273,3540,205,22,22,140,162,173,173,175,0,0,-2,0,524
274,3541,173,23,23,130,153,141,142,142,1,1,0,0,524
275,3542,141,27,27,140,167,102,102,106,0,0,-4,0,528
276,3543,102,0,0,40,40,102,102,94,0,0,8,0,502
277,3544,102,23,23,130,153,69,69,71,0,0,-2,0,524
278,3545,69,22,22,130,152,35,35,39,0,0,-4,0,523
279,3547,35,24,23,130,153,1,0,3,0,-1,-3,0,525
280,3548,1,26,26,130,156,8156,8156,8159,0,0,-3,0,527
281,3549,8156,20,20,140,160,8122,8122,8128,1,0,-6,0,521
282,3550,8123,1,0,40,40,8122,8122,8114,1,0,8,0,501
283,3551,8123,4,0,40,40,8123,8122,8135,0,-1,-13,1,501
284,3552,8123,25,25,140,165,8157,8157,8159,0,0,-2,1,526
285,3553,8157,14,15,130,145,8185,8185,8180,0,0,5,1,515
286,3554,8185,5,0,40,40,8185,8185,7,0,0,-14,1,501
287,3555,8185,24,24,140,164,29,29,27,0,0,2,1,525
288,3556,29,12,13,130,143,54,54,50,0,0,4,1,513
289,3557,54,14,14,130,144,82,82,78,0,0,4,1,515
290,3558,82,16,16,120,136,60,59,58,1,-1,1,0,517
291,3559,59,28,27,130,157,21,21,23,0,0,-2,0,528
292,3560,21,24,24,140,164,8176,8177,8181,0,1,-4,0,525
293,3561,8177,9,9,120,129,8188,8188,3,0,0,-7,1,510
294,3563,8188,12,12,120,132,8175,8175,8168,0,0,7,0,513
295,3564,8175,38,38,130,168,8128,8128,8129,0,0,-1,0,539
296,3565,8128,16,16,130,146,8152,8152,8154,0,0,-2,1,517
297,3566,8152,21,21,140,161,8186,8186,8183,0,0,3,1,522
298,3567,8186,7,7,110,117,5,5,10,0,0,-5,1,508
299,3568,5,2,0,40,40,5,5,8187,0,0,10,0,501
300,3569,5,26,26,140,166,8171,8171,8163,0,0,8,0,527
301,3570,8171,26,26,130,156,8133,8133,8137,0,0,-4,0,527
302,3571,8133,4,0,40,40,8133,8133,8121,0,0,12,0,501
303,3572,8133,17,16,130,146,8105,8104,8108,1,-1,-4,0,517
304,3573,8104,9,9,120,129,8119,8119,8122,0,0,-3,1,510
305,3574,8119,11,11,130,141,8141,8141,8139,0,0,2,1,512
306,3575,8141,12,12,130,142,8163,8163,8162,0,0,1,1,513
307,3576,8163,3,0,40,40,8163,8163,8174,0,0,-11,1,501
308,3577,8163,19,19,130,149,3,3,0,0,0,3,1,520
309,3578,3,11,11,130,141,26,26,23,0,0,3,1,512
310,3580,26,7,7,40,47,26,24,11,2,-2,13,0,508
311,3581,24,20,20,130,150,8186,8186,8188,0,0,-2,0,521
312,3582,8186,12,12,130,142,8163,8162,8166,1,-1,-4,0,513
313,3583,8162,10,11,120,131,8175,8176,8181,1,1,-5,1,511
314,3584,8176,11,11,120,131,4,4,4,0,0,0,1,512
315,3585,4,17,17,130,147,29,29,31,0,0,-2,1,518
316,3586,29,28,29,140,169,69,69,68,0,0,1,1,529
317,3587,69,24,24,130,154,106,107,104,0,1,3,1,525
318,3588,107,3,0,40,40,106,107,118,1,1,-11,1,501
319,3589,107,8,8,120,128,97,97,91,0,0,6,0,509
320,3590,97,33,33,130,163,59,58,56,1,-1,2,0,534
321,3591,58,20,20,140,160,29,29,30,0,0,-1,0,520
322,3592,29,9,9,120,129,39,39,47,0,0,-8,1,510
323,3593,39,26,26,130,156,76,76,76,0,0,0,1,527
324,3594,76,24,25,130,155,113,114,111,0,1,3,1,525
325,3596,113,19,19,130,149,144,145,142,0,1,3,1,520
326,3597,145,8,8,110,118,158,159,162,0,1,-3,1,509
327,3598,158,10,10,120,130,145,145,140,0,0,5,0,511
328,3599,144,35,35,140,175,102,102,101,0,0,1,0,536
329,3600,102,41,41,130,171,56,55,53,0,-1,2,0,542
330,3601,56,38,38,130,168,11,11,10,0,0,1,0,539
331,3602,11,21,21,130,151,8174,8174,8174,0,0,0,0,522
332,3603,8174,3,0,40,40,8174,8174,8163,0,0,11,0,501
333,3604,8174,0,0,40,40,8174,8174,8175,0,0,-1,1,501
334,3605,8174,8,8,110,118,8181,8181,8191,1,0,-10,1,509
335,3606,8182,11,11,120,131,6,6,10,0,0,-4,1,512
336,3607,6,3,0,40,40,6,6,8187,0,0,11,0,502
337,3608,6,33,33,130,163,8168,8168,8157,0,0,11,0,534
338,3609,8168,0,0,40,40,8168,8168,8175,0,0,-7,1,501
339,3610,8168,0,0,40,40,8168,8168,8162,0,0,6,0,501
340,3611,8168,21,21,130,151,8138,8138,8139,0,0,-1,0,522
341,3613,8138,2,0,40,40,8138,8138,8128,0,0,10,0,501
342,3614,8138,18,18,130,148,8112,8112,8112,0,0,0,0,519
343,3615,8112,11,11,130,141,8094,8093,8093,1,-1,0,0,512
344,3616,8093,8,8,120,128,8082,8082,8077,1,0,5,0,509
345,3617,8082,9,10,120,130,8097,8097,8100,0,0,-3,1,510
346,3618,8097,8,8,120,128,8087,8087,8081,0,0,6,0,509
347,3619,8087,19,19,130,149,8058,8058,8060,0,0,-2,0,520
348,3620,8058,3,0,40,40,8058,8058,8047,0,0,11,0,501
349,3621,8058,0,0,40,40,8058,8058,8058,0,0,0,0,501
350,3622,8058,5,0,40,40,8058,8058,8072,0,0,-14,1,501
351,3623,8058,19,18,140,158,8088,8088,8087,0,0,1,1,520
352,3624,8088,7,7,110,117,8098,8098,8104,0,0,-6,1,508
353,3625,8098,15,15,120,135,8122,8123,8123,0,1,0,1,516
354,3626,8123,15,15,120,135,8146,8146,8148,0,0,-2,1,516
355,3627,8146,24,24,130,154,8176,8177,8181,1,1,-4,1,525
356,3629,8177,31,31,130,161,27,27,27,0,0,0,1,532
357,3630,28,31,31,140,171,72,72,70,0,0,2,1,532
358,3631,72,0,0,40,40,72,72,79,0,0,-7,1,501
359,3632,72,0,0,40,40,72,72,65,0,0,7,0,501
360,3633,72,26,26,140,166,43,43,38,0,0,5,0,527
361,3634,43,37,37,130,167,0,0,8190,0,0,2,0,537
362,3635,0,32,32,130,162,8152,8152,8152,1,0,0,0,533
363,3636,8152,4,0,40,40,8152,8151,8140,0,-1,11,0,501
364,3637,8151,8,9,120,129,8161,8161,8168,0,0,-7,1,510
365,3638,8161,29,29,130,159,5,5,9,0,0,-4,1,530
366,3639,5,36,36,140,176,53,53,53,1,0,0,1,537
367,3640,52,14,14,120,134,35,36,30,0,1,6,0,515
368,3641,35,31,31,130,161,8191,8191,8188,0,0,3,0,532
369,3642,8191,35,35,130,165,8148,8148,8148,0,0,0,0,536
370,3643,8148,34,34,130,164,8105,8105,8106,0,0,-1,0,535
371,3644,8105,31,31,130,161,8064,8064,8066,0,0,-2,0,532
372,3646,8063,25,25,130,155,8029,8029,8030,0,0,-1,0,526
373,3647,8029,5,0,40,40,8029,8029,8043,0,0,-14,1,501
374,3648,8029,36,36,140,176,8074,8074,8077,0,0,-3,1,537
375,3649,8074,40,40,140,180,8128,8128,8126,0,0,2,1,541
376,3650,8128,36,36,140,176,8175,8175,8176,0,0,-1,1,537
377,3651,8175,28,29,130,159,22,22,22,1,0,0,1,529
378,3652,22,13,13,120,133,44,45,44,0,1,1,1,514
379,3653,44,3,0,40,40,44,44,33,0,0,11,0,501
380,3654,44,25,24,120,144,21,21,11,0,0,10,0,525
381,3655,21,17,17,130,147,8187,8187,8188,0,0,-1,0,518
382,3656,8187,6,6,40,46,8187,8187,10,0,0,-15,1,508
383,3657,8187,26,26,140,166,30,30,32,0,0,-2,1,527
384,3658,30,20,20,130,150,61,61,60,0,0,1,1,521
385,3659,61,21,21,130,151,94,94,92,0,0,2,1,522
386,3660,94,5,0,40,40,94,94,81,0,0,13,0,501
387,3662,94,26,26,120,146,64,63,60,0,-1,3,0,527
388,3663,63,16,16,130,146,39,38,39,1,-1,-1,0,517
389,3664,38,12,12,130,142,18,18,18,0,0,0,0,513
390,3665,19,14,13,130,143,8187,8187,8189,0,0,-2,0,515
391,3666,8187,13,13,130,143,8164,8164,8166,0,0,-2,0,514
392,3667,8164,6,6,40,46,8164,8166,8179,2,2,-13,1,507
393,3668,8166,29,29,130,159,8,8,14,0,0,-6,1,530
394,3669,8,22,22,130,152,43,43,40,0,0,3,1,523
395,3670,43,8,7,120,127,59,59,60,0,0,-1,1,508
396,3671,58,13,13,130,143,83,83,80,0,0,3,1,514
397,3672,83,11,11,130,141,106,106,103,0,0,3,1,512
398,3673,106,18,18,140,158,141,141,134,1,0,7,1,519
399,3674,141,13,13,120,133,120,120,120,0,0,0,0,514
400,3675,120,21,21,130,151,91,91,91,0,0,0,0,521
401,3676,91,10,10,130,140,70,70,73,0,0,-3,0,511
402,3677,70,13,13,130,143,49,48,49,1,-1,-1,0,514
403,3679,48,20,20,140,160,19,18,20,0,-1,-2,0,521
404,3680,19,26,26,130,156,8174,8174,8177,0,0,-3,0,527
405,3681,8174,19,18,130,148,8142,8142,8147,0,0,-5,0,520
406,3682,8142,3,0,40,40,8142,8142,8131,0,0,11,0,501
407,3683,8142,4,0,40,40,8142,8142,8155,0,0,-13,1,502
408,3684,8142,43,43,140,183,0,0,5,0,0,-5,1,544
409,3685,0,34,34,130,164,45,45,45,0,0,0,1,535
410,3686,45,11,11,130,141,67,67,65,0,0,2,1,511
411,3687,67,22,22,140,162,39,39,37,0,0,2,0,523
412,3688,39,37,37,140,177,8186,8186,8186,1,0,0,0,538
413,3689,8185,39,39,130,169,8133,8133,8138,0,0,-5,0,540
414,3690,8133,30,30,130,160,8092,8092,8095,0,0,-3,0,531
415,3691,8092,29,29,130,159,8054,8054,8055,0,0,-1,0,530
416,3692,8054,25,25,140,165,8022,8021,8021,1,-1,0,0,526
417,3693,8021,9,8,120,128,8004,8004,8004,0,0,0,0,509
418,3695,8004,14,14,130,144,8027,8027,8027,0,0,0,1,515
419,3696,8027,20,20,130,150,8057,8058,8057,1,1,1,1,521
420,3697,8058,23,23,130,153,8091,8091,8091,0,0,0,1,524
421,3698,8091,4,0,40,40,8091,8091,8103,0,0,-12,1,501
422,3699,8091,29,29,140,169,8134,8134,8131,0,0,3,1,529
423,3700,8134,25,25,130,155,8168,8168,8170,0,0,-2,1,526
424,3701,8168,28,28,140,168,14,14,15,0,0,-1,1,529
425,3702,14,16,16,130,146,41,41,40,0,0,1,1,517
426,3703,41,15,15,140,155,68,68,66,1,0,2,1,516
427,3704,68,21,21,120,141,41,41,39,0,0,2,0,522
428,3705,40,27,27,140,167,3,3,5,0,0,-2,0,528
429,3706,3,18,18,140,158,8165,8166,8169,0,1,-3,0,519
430,3707,8165,7,6,120,126,8153,8153,8150,0,0,3,0,508
431,3708,8153,2,0,40,40,8153,8153,8163,0,0,-10,1,501
432,3709,8153,28,27,130,157,8188,8188,0,0,0,-4,1,529
433,3710,8188,31,31,140,171,39,39,38,0,0,1,1,532
434,3712,39,24,24,130,154,77,77,73,0,0,4,1,525
435,3713,77,11,11,120,131,62,61,58,1,-1,3,0,512
436,3714,62,22,22,130,152,34,33,32,1,-1,1,0,523
437,3715,34,23,22,130,152,2,2,3,0,0,-1,0,523
438,3716,2,13,13,130,143,8172,8172,8173,0,0,-1,0,514
439,3717,8172,16,16,120,136,8191,0,6,0,1,-6,1,517
440,3718,0,24,24,130,154,32,32,34,0,0,-2,1,525
441,3719,32,14,14,130,144,59,58,56,1,-1,2,1,515
442,3720,58,4,0,40,40,59,58,71,0,-1,-13,1,501
443,3721,59,0,0,40,40,59,58,54,0,-1,4,0,501
444,3722,58,15,15,120,135,40,40,35,0,0,5,0,516
445,3723,40,56,56,130,186,8170,8170,8167,0,0,3,0,557
446,3724,8170,21,21,130,151,8138,8138,8141,0,0,-3,0,522
447,3725,8138,29,29,130,159,8098,8098,8101,0,0,-3,0,530
448,3726,8098,31,31,130,161,8057,8057,8059,0,0,-2,0,532
449,3728,8057,14,14,130,144,8031,8032,8035,0,1,-3,0,515
450,3729,8031,14,14,130,144,8054,8054,8054,0,0,0,1,515
451,3730,8054,14,14,130,144,8077,8077,8078,0,0,-1,1,515
452,3731,8078,17,17,130,147,8108,8108,8105,0,0,3,1,518
453,3732,8109,13,13,130,143,8133,8133,8131,0,0,2,1,514
454,3733,8133,7,8,100,108,8144,8144,8149,0,0,-5,1,508
455,3734,8144,0,0,40,40,8144,8144,8136,0,0,8,0,501
456,3735,8144,27,27,130,157,8112,8112,8109,0,0,3,0,528
457,3736,8111,8,8,110,118,8122,8123,8128,1,1,-5,1,509
458,3737,8123,18,18,120,138,8150,8150,8151,0,0,-1,1,519
459,3738,8150,14,14,120,134,8174,8174,8173,0,0,1,1,515
460,3739,8174,5,0,40,40,8174,8174,8188,0,0,-14,1,501
461,3740,8174,0,0,40,40,8174,8174,8176,0,0,-2,1,501
462,3741,8174,3,0,40,40,8174,8174,8163,0,0,11,0,501
463,3742,8174,15,15,120,135,8156,8156,8151,0,0,5,0,516
464,3743,8156,21,21,130,151,8127,8126,8127,1,-1,-1,0,523
465,3745,8126,4,0,40,40,8126,8126,8138,0,0,-12,1,501
466,3746,8126,16,16,130,146,8152,8152,8152,0,0,0,1,517
467,3747,8152,3,0,40,40,8152,8152,8163,0,0,-11,1,501
468,3748,8152,13,13,140,153,8179,8179,8174,0,0,5,1,514
469,3749,8178,4,0,40,40,8178,8179,8190,0,1,-11,1,501
470,3750,8179,21,21,130,151,18,18,18,0,0,0,1,522
471,3751,18,8,8,110,118,33,34,35,1,1,-1,1,509
472,3752,33,6,6,40,46,33,32,19,1,-1,13,0,506
473,3753,32,27,27,130,157,3,3,8189,0,0,6,0,528
474,3754,3,0,0,40,40,3,3,9,0,0,-6,1,501
475,3755,3,19,20,130,150,27,28,32,0,1,-4,1,520
476,3756,27,21,21,130,151,61,62,58,1,1,4,1,522
477,3757,62,8,8,120,128,55,55,46,0,0,9,0,509
478,3758,55,13,14,130,144,32,32,34,0,0,-2,0,514
479,3759,32,8,8,110,118,21,21,16,0,0,5,0,509
480,3761,21,19,19,130,149,8184,8184,8186,1,0,-2,0,521
481,3762,8184,19,19,130,149,8154,8154,8157,0,0,-3,0,520
482,3763,8154,5,0,40,40,8154,8154,8168,0,0,-14,1,501
483,3764,8154,24,25,140,165,8184,8184,8189,0,0,-5,1,525
484,3765,8184,23,23,140,163,29,29,25,0,0,4,1,524
485,3766,29,15,15,140,155,59,59,54,0,0,5,1,516
486,3767,59,6,7,100,107,65,65,74,0,0,-9,1,508
487,3768,65,18,18,130,148,99,99,93,0,0,6,1,519
488,3769,99,9,9,130,139,85,85,82,0,0,3,0,510
489,3770,85,7,7,110,117,76,76,70,1,0,6,0,508
490,3771,75,11,11,120,131,60,60,56,0,0,4,0,512
491,3772,60,18,18,130,148,32,32,34,0,0,-2,0,519
492,3773,32,15,15,140,155,6,6,9,0,0,-3,0,516
493,3774,6,13,13,130,143,8176,8176,8177,0,0,-1,0,514
494,3775,8176,9,8,120,128,8187,8187,2,0,0,-7,1,510
495,3776,8187,25,25,140,165,29,29,31,0,0,-2,1,526
496,3778,29,24,24,130,154,65,65,63,1,0,2,1,525
497,3779,65,18,18,130,148,97,97,93,0,0,4,1,519
498,3780,97,11,11,130,141,79,79,78,0,0,1,0,512
499,3781,79,12,11,120,131,62,61,59,1,-1,2,0,512
500,3782,61,17,17,130,147,36,36,36,0,0,0,0,518
501,3783,36,19,19,130,149,8,7,9,0,-1,-2,0,520
502,3784,8,21,21,130,151,8170,8170,8171,0,0,-1,0,522
503,3785,8170,16,16,130,146,8142,8142,8146,0,0,-4,0,517
504,3786,8142,2,0,40,40,8142,8142,8132,0,0,10,0,500
505,3787,8142,0,0,40,40,8142,8142,8145,0,0,-3,1,501
506,3788,8142,14,14,130,144,8163,8163,8166,0,0,-3,1,515
507,3789,8163,11,11,130,141,8186,8186,8183,0,0,3,1,512
508,3790,8186,2,0,40,40,8186,8186,4,0,0,-10,1,501
509,3791,8186,26,26,130,156,32,32,31,0,0,1,1,526
510,3792,32,21,21,120,141,62,62,63,0,0,-1,1,522
511,3794,62,17,17,130,147,93,93,89,0,0,4,1,517
512,3795,93,10,10,120,130,113,113,112,0,0,1,1,511
513,3796,113,4,0,40,40,113,113,101,0,0,12,0,501
514,3797,113,25,25,130,155,83,83,80,0,0,3,0,526
515,3798,83,20,20,130,150,54,54,55,0,0,-1,0,521
516,3799,54,18,18,130,148,26,26,28,0,0,-2,0,518
517,3800,25,5,0,40,40,26,26,39,0,0,-13,1,501
518,3801,26,28,28,140,168,62,62,65,0,0,-3,1,529
519,3802,62,9,9,120,129,52,51,45,0,-1,6,0,510
520,3803,51,26,26,140,166,17,18,17,0,1,1,0,527
521,3804,18,19,19,130,149,8179,8179,8183,0,0,-4,0,519
522,3805,8179,23,23,140,163,15,15,20,0,0,-5,1,524
523,3806,15,30,30,130,160,56,56,56,1,0,0,1,531
524,3807,57,27,26,110,136,32,31,22,1,-1,9,0,527
525,3808,31,45,45,140,185,8168,8168,8170,0,0,-2,0,546
526,3809,8168,30,30,140,170,8128,8129,8130,0,1,-1,0,531
527,3811,8128,17,17,130,147,8103,8103,8103,1,0,0,0,518
528,3812,8102,8,8,110,118,8091,8091,8086,0,0,5,0,509
529,3813,8091,9,10,120,130,8075,8075,8074,0,0,1,0,510
530,3814,8075,4,0,40,40,8075,8075,8063,0,0,12,0,501
531,3815,8075,0,0,40,40,8075,8075,8074,0,0,1,0,501
532,3816,8075,6,6,100,106,8078,8077,8090,0,-1,-13,1,507
533,3817,8078,20,20,130,150,8109,8108,8108,0,-1,0,1,520
534,3818,8108,8,8,120,128,8123,8124,8125,0,1,-1,1,509
535,3819,8124,7,7,110,117,8133,8133,8140,0,0,-7,1,508
536,3820,8133,19,18,140,158,8162,8163,8162,1,1,1,1,519
537,3821,8162,5,0,40,40,8162,8162,8176,1,0,-14,1,501
538,3822,8162,23,23,130,153,3,3,3,0,0,0,1,523
539,3823,3,9,9,130,139,25,25,21,0,0,4,1,510
540,3824,25,11,11,120,131,44,44,45,0,0,-1,1,512
541,3825,44,4,0,40,40,44,44,56,0,0,-12,1,501
542,3827,44,16,16,130,146,73,73,70,0,0,3,1,517
543,3828,73,0,0,40,40,73,73,81,0,0,-8,1,501
544,3829,73,0,0,40,40,73,73,67,0,0,6,0,501
545,3830,73,24,24,120,144,47,47,41,0,0,6,0,525
546,3831,48,30,30,130,160,12,12,10,0,0,2,0,531
547,3832,12,17,17,130,147,8179,8179,8179,0,0,0,0,518
548,3833,8179,16,16,120,136,5,5,13,0,0,-8,1,517
549,3834,5,3,0,40,40,5,5,8186,0,0,11,0,501
550,3835,5,34,34,130,164,8163,8163,8155,0,0,8,0,535
551,3836,8163,34,34,130,164,8120,8119,8121,0,-1,-2,0,535
552,3837,8120,17,17,130,147,8094,8094,8095,1,0,-1,0,518
553,3838,8094,6,6,100,106,8098,8098,8109,0,0,-11,1,507
554,3839,8098,24,24,130,154,8132,8132,8133,0,0,-1,1,525
555,3840,8132,17,17,130,147,8156,8157,8159,0,1,-2,1,518
556,3841,8157,10,10,120,130,8171,8171,8176,0,0,-5,1,511
557,3842,8171,0,0,40,40,8171,8171,8163,0,0,8,0,501
558,3844,8171,25,25,130,155,8145,8145,8138,0,0,7,0,526
559,3845,8144,10,10,130,140,8128,8128,8126,0,0,2,0,511
560,3846,8128,11,11,120,131,8109,8109,8109,0,0,0,0,512
561,3847,8109,37,37,130,167,8063,8063,8064,0,0,-1,0,538
562,3848,8063,14,14,120,134,8083,8083,8086,0,0,-3,1,515
563,3849,8083,22,22,140,162,8116,8116,8115,0,0,1,1,523
564,3850,8116,7,6,110,116,8125,8125,8132,0,0,-7,1,507
565,3851,8125,32,32,130,162,8165,8165,8168,0,0,-3,1,533
566,3852,8165,12,12,120,132,8186,8186,8186,0,0,0,1,512
567,3853,8186,8,8,110,118,6,6,11,0,0,-5,1,509
568,3854,6,6,6,40,46,6,5,8184,1,-1,13,0,507
569,3855,5,34,34,130,164,8164,8164,8155,0,0,9,0,535
570,3856,8164,0,0,40,40,8164,8164,8170,0,0,-6,1,501
571,3857,8164,20,19,120,139,8187,8187,2,0,0,-7,1,521
572,3858,8187,24,24,130,154,31,31,29,0,0,2,1,525
573,3860,31,9,9,120,129,48,48,49,0,0,-1,1,510
574,3861,48,7,7,110,117,62,61,64,0,-1,-3,1,508
575,3862,62,18,19,140,159,95,95,90,0,0,5,1,520
576,3863,95,13,13,130,143,123,123,117,1,0,6,1,514
577,3864,123,0,0,40,40,123,124,128,0,1,-4,1,500
578,3865,123,7,7,120,127,113,113,108,0,0,5,0,508
579,3866,113,28,28,130,158,81,81,77,0,0,4,0,529
580,3867,81,25,25,140,165,48,48,48,1,0,0,0,526
581,3868,47,30,30,130,160,9,9,9,0,0,0,0,531
582,3869,9,6,6,90,96,5,5,8187,0,0,10,0,507
583,3870,5,25,25,130,155,8164,8164,8164,0,0,0,0,526
584,3871,8164,5,0,40,40,8165,8164,8178,1,-1,-14,1,501
585,3872,8164,32,32,130,162,8,8,15,0,0,-7,1,533
586,3873,8,29,29,130,159,48,48,48,0,0,0,1,530
587,3874,48,17,17,130,147,79,79,75,0,0,4,1,518
588,3875,79,3,0,40,40,79,79,90,0,0,-11,1,501
589,3877,79,17,17,140,157,111,112,106,0,1,6,1,518
590,3878,112,4,0,40,40,111,112,124,1,1,-12,1,501
591,3879,112,17,17,140,157,147,147,139,0,0,8,1,518
592,3880,146,19,19,140,159,120,120,119,0,0,1,0,520
593,3881,120,23,24,130,154,88,87,89,0,-1,-2,0,524
594,3882,88,23,23,130,153,56,56,57,0,0,-1,0,524
595,3883,56,22,22,130,152,24,24,26,0,0,-2,0,523
596,3884,24,15,15,130,145,8190,8190,1,1,0,-3,0,516
597,3885,8189,23,23,130,153,8157,8157,8158,0,0,-1,0,523
598,3886,8157,5,0,40,40,8156,8156,8171,0,0,-15,1,501
599,3887,8156,24,24,130,154,8185,8185,8191,0,0,-6,1,525
600,3888,8186,13,13,130,143,12,13,16,1,1,-3,1,514
601,3889,13,10,10,120,130,32,31,32,0,-1,-1,1,511
602,3890,31,10,11,120,131,24,24,13,0,0,11,0,511
603,3891,24,29,29,130,159,8184,8184,8179,0,0,5,0,530
604,3893,8184,32,32,130,162,8143,8143,8144,0,0,-1,0,533
605,3894,8143,4,0,40,40,8143,8143,8156,0,0,-13,1,501
606,3895,8143,20,20,130,150,8169,8169,8173,0,0,-4,1,520
607,3896,8169,7,7,110,117,8177,8177,8185,0,0,-8,1,508
608,3897,8177,0,0,40,40,8177,8177,8173,0,0,4,0,501
609,3898,8177,7,7,110,117,8174,8174,8162,0,0,12,0,508
610,3899,8174,24,24,130,154,8142,8142,8142,0,0,0,0,525
611,3900,8142,18,19,130,149,8113,8112,8116,1,-1,-4,0,519
612,3901,8112,16,16,130,146,8087,8087,8088,1,0,-1,0,517
613,3902,8088,9,9,130,139,8068,8069,8071,0,1,-2,0,510
614,3903,8069,22,22,130,152,8102,8102,8101,0,0,1,1,523
615,3904,8102,36,36,130,166,8149,8149,8150,0,0,-1,1,537
616,3905,8149,37,37,130,167,4,4,6,0,0,-2,1,539
617,3906,4,11,11,140,151,28,28,24,0,0,4,1,512
618,3907,28,9,9,120,129,19,19,11,1,0,8,0,510
619,3909,19,23,23,130,153,8182,8182,8180,0,0,2,0,524
620,3910,8182,18,18,140,158,8153,8153,8156,0,0,-3,0,518
621,3911,8153,11,11,120,131,8168,8168,8173,0,0,-5,1,512
622,3912,8168,0,0,40,40,8168,8168,8160,0,0,8,0,501
623,3913,8168,18,18,130,148,8146,8146,8142,0,0,4,0,519
624,3914,8146,23,23,130,153,8111,8112,8115,0,1,-3,0,524
625,3915,8112,19,19,130,149,8082,8082,8085,0,0,-3,0,520
626,3916,8082,19,19,130,149,8052,8052,8055,0,0,-3,0,520
627,3917,8052,14,14,130,144,8028,8028,8030,0,0,-2,0,515
628,3918,8028,12,12,130,142,8004,8004,8008,0,0,-4,0,512
629,3919,8004,26,26,140,166,8042,8042,8041,0,0,1,1,527
630,3920,8042,38,38,130,168,8091,8092,8092,0,1,0,1,539
631,3921,8092,39,39,140,179,8144,8144,8143,0,0,1,1,540
632,3922,8144,33,33,130,163,8187,8187,8188,0,0,-1,1,533
633,3923,8187,25,25,130,155,32,32,31,0,0,1,1,526
634,3924,32,9,9,130,139,51,52,50,0,1,2,1,510
635,3926,52,9,8,130,138,41,41,35,0,0,6,0,510
636,3927,41,19,19,130,149,13,13,14,0,0,-1,0,520
637,3928,13,12,13,130,143,8185,8185,8185,0,0,0,0,513
638,3929,8185,16,16,130,146,8157,8157,8161,0,0,-4,0,517
639,3930,8157,9,9,120,129,8170,8170,8175,0,0,-5,1,510
640,3931,8170,15,15,130,145,1,1,3,0,0,-2,1,516
641,3932,1,12,12,120,132,24,24,22,0,0,2,1,513
642,3933,24,7,7,40,47,24,23,9,1,-1,14,0,508
643,3934,23,24,24,120,144,8186,8186,8183,0,0,3,0,525
644,3935,8186,18,18,130,148,8157,8157,8160,0,0,-3,0,519
645,3936,8157,10,10,120,130,8171,8172,8176,0,1,-4,1,511
646,3937,8171,22,22,130,152,10,10,11,0,0,-1,1,523
647,3938,10,25,25,130,155,47,47,46,1,0,1,1,526
648,3939,47,26,27,140,167,92,92,84,0,0,8,1,527
649,3940,92,19,19,130,149,125,124,121,0,-1,3,1,520
650,3942,125,23,22,120,142,95,95,94,0,0,1,0,524
651,3943,95,22,22,130,152,63,63,65,0,0,-2,0,523
652,3944,63,5,0,40,40,63,63,50,0,0,13,0,501
653,3945,63,0,0,40,40,63,63,65,0,0,-2,1,501
654,3946,63,11,11,120,131,78,78,83,0,0,-5,1,512
655,3947,78,0,0,40,40,78,78,72,0,0,6,0,501
656,3948,78,15,15,120,135,61,61,55,0,0,6,0,515
657,3949,61,18,18,130,148,34,34,35,0,0,-1,0,519
658,3950,34,10,10,120,130,17,16,16,0,-1,0,0,511
659,3951,17,15,15,130,145,8184,8184,8186,0,0,-2,0,516
660,3952,8184,16,16,130,146,13,13,18,0,0,-5,1,517
661,3953,13,3,0,40,40,13,13,2,0,0,11,0,501
662,3954,13,23,23,140,163,8179,8179,8174,0,0,5,0,524
663,3955,8179,8,8,120,128,8164,8164,8163,0,0,1,0,509
664,3956,8164,7,7,110,117,8171,8171,8180,0,0,-9,1,508
665,3957,8171,23,24,140,164,14,14,12,0,0,2,1,524
666,3959,14,20,20,130,150,46,46,44,0,0,2,1,521
667,3960,46,16,16,140,156,79,79,72,0,0,7,1,517
668,3961,79,4,0,40,40,79,79,92,0,0,-13,1,501
669,3962,79,0,0,40,40,79,79,81,0,0,-2,1,501
670,3963,79,11,12,120,132,64,64,60,0,0,4,0,512
671,3964,64,23,23,130,153,32,32,33,0,0,-1,0,524
672,3965,32,17,17,140,157,1,1,7,0,0,-6,0,518
673,3966,1,18,18,130,148,8163,8163,8167,0,0,-4,0,519
674,3967,8163,0,0,40,40,8163,8163,8155,0,0,8,0,501
675,3968,8163,0,0,40,40,8163,8163,8171,0,0,-8,1,501
676,3969,8163,25,25,130,155,1,0,7,1,-1,-7,1,526
677,3970,1,24,24,130,154,35,35,35,0,0,0,1,525
678,3971,35,11,11,130,141,59,59,55,0,0,4,1,512
679,3972,59,18,18,120,138,38,38,33,0,0,5,0,520
680,3973,38,33,33,130,163,8188,8188,8189,0,0,-1,0,534
681,3975,8188,34,34,140,174,8142,8142,8146,0,0,-4,0,534
682,3976,8142,28,28,140,168,8098,8098,8106,0,0,-8,0,529
683,3977,8098,17,17,130,147,8068,8068,8073,0,0,-5,0,518
684,3978,8068,13,13,130,143,8044,8044,8047,0,0,-3,0,514
685,3979,8044,3,0,40,40,8044,8044,8033,0,0,11,0,501
686,3980,8044,0,0,40,40,8044,8044,8047,0,0,-3,1,500
687,3981,8044,16,16,130,146,8070,8071,8070,1,1,1,1,517
688,3982,8071,18,18,130,148,8102,8102,8099,0,0,3,1,519
689,3983,8102,18,18,130,148,8134,8134,8130,0,0,4,1,519
690,3984,8134,8,8,120,128,8149,8150,8151,0,1,-1,1,509
691,3985,8150,15,15,130,145,8176,8176,8175,0,0,1,1,516
692,3986,8176,9,9,120,129,8166,8166,8159,0,0,7,0,510
693,3987,8166,19,18,130,148,8138,8138,8139,0,0,-1,0,519
694,3988,8138,16,16,130,146,8163,8163,8164,0,0,-1,1,517
695,3989,8163,7,7,110,117,8159,8160,8148,1,1,12,0,508
696,3990,8159,23,23,130,153,8127,8127,8128,0,0,-1,0,524
697,3992,8127,4,0,40,40,8127,8127,8140,0,0,-13,1,501
698,3993,8127,28,28,130,158,8164,8164,8166,0,0,-2,1,529
699,3994,8164,19,19,130,149,4,4,1,0,0,3,1,520
700,3995,4,5,0,40,40,4,4,18,0,0,-14,1,501
701,3996,4,0,0,40,40,4,4,7,0,0,-3,1,501
702,3997,4,2,0,40,40,4,4,8186,0,0,10,0,501
703,3998,4,24,24,130,154,8172,8172,8164,0,0,8,0,525
704,3999,8172,0,0,40,40,8172,8172,8176,0,0,-4,1,501
705,4000,8172,12,12,130,142,8190,8190,1,0,0,-3,1,513
706,4001,8190,9,9,130,139,16,17,16,1,1,1,1,510
707,4002,16,11,11,130,141,39,39,36,0,0,3,1,512
708,4003,39,4,0,40,40,39,39,52,0,0,-13,1,501
709,4004,39,24,24,130,154,81,81,74,0,0,7,1,525
710,4005,81,5,0,40,40,81,81,95,0,0,-14,1,501
711,4006,81,22,23,140,163,121,121,113,0,0,8,1,523
712,4008,121,14,14,120,134,98,98,99,0,0,-1,0,515
713,4009,98,18,19,130,149,74,74,72,0,0,2,0,519
714,4010,74,26,26,130,156,39,39,40,0,0,-1,0,527
715,4011,39,9,9,120,129,50,50,57,0,0,-7,1,510
716,4012,49,24,24,140,164,89,90,84,0,1,6,1,525
717,4013,90,18,18,120,138,66,66,64,0,0,2,0,519
718,4014,66,25,25,130,155,36,36,33,0,0,3,0,526
719,4015,36,30,29,130,159,8190,8190,8190,0,0,0,0,531
720,4016,8190,23,23,130,153,8158,8158,8159,0,0,-1,0,524
721,4017,8158,4,0,40,40,8158,8158,8146,0,0,12,0,502
722,4018,8158,0,0,40,40,8158,8158,8164,0,0,-6,1,501
723,4019,8158,16,16,130,146,8179,8179,8184,0,0,-5,1,517
724,4020,8179,17,17,140,157,17,17,14,0,0,3,1,518
725,4021,17,4,0,40,40,17,17,29,0,0,-12,1,501
726,4022,17,25,25,140,165,57,57,53,0,0,4,1,526
727,4023,57,14,14,130,144,85,85,80,0,0,5,1,515
728,4025,85,7,7,110,117,95,96,101,1,1,-5,1,508
729,4026,96,0,0,40,40,96,96,89,0,0,7,0,501
730,4027,96,20,20,120,140,72,72,68,1,0,4,0,521
731,4028,72,21,21,130,151,44,44,43,0,0,1,0,522
732,4029,44,8,8,110,118,32,32,28,0,0,4,0,509
733,4030,32,16,16,130,146,4,4,8,0,0,-4,0,517
734,4031,4,18,18,140,158,8168,8168,8170,0,0,-2,0,519
735,4032,8168,11,11,120,131,8183,8183,8188,0,0,-5,1,512
736,4033,8183,15,15,140,155,15,16,16,1,1,0,1,516
737,4034,17,5,0,40,40,16,16,31,1,0,-15,1,501
738,4035,17,21,21,130,151,48,48,48,0,0,0,1,522
739,4036,48,11,11,130,141,72,71,68,0,-1,3,1,512
740,4037,71,10,10,120,130,62,62,53,0,0,9,0,511
741,4038,62,25,25,120,145,32,32,29,0,0,3,0,526
742,4039,32,19,19,130,149,5,5,5,0,0,0,0,520
743,4041,5,13,13,120,133,8177,8177,8176,0,0,1,0,514
744,4042,8177,20,20,120,140,8148,8147,8149,1,-1,-2,0,521
745,4043,8147,9,9,110,119,8158,8159,8165,0,1,-6,1,510
746,4044,8159,14,14,130,144,8184,8184,8183,0,0,1,1,515
747,4045,8184,5,0,40,40,8184,8184,6,0,0,-14,1,501
748,4046,8184,0,0,40,40,8184,8184,8186,0,0,-2,1,501
749,4047,8184,12,12,120,132,8171,8170,8164,0,-1,6,0,513
750,4048,8171,27,26,130,156,8136,8136,8136,0,0,0,0,528
751,4049,8135,5,0,40,40,8135,8135,8149,0,0,-14,1,501
752,4050,8135,21,22,130,152,8162,8162,8166,0,0,-4,1,523
753,4051,8162,16,16,120,136,8187,8187,8188,0,0,-1,1,517
754,4052,8187,2,1,40,41,8187,8187,8177,0,0,10,0,501
755,4053,8187,20,20,120,140,8165,8165,8159,1,0,6,0,521
756,4054,8165,13,14,130,144,8146,8146,8144,0,0,2,0,515
757,4055,8146,5,0,40,40,8146,8146,8133,0,0,13,0,501
758,4056,8146,1,0,40,40,8146,8146,8155,0,0,-9,1,500
759,4058,8146,26,26,130,156,8178,8178,8183,0,0,-5,1,527
760,4059,8178,20,20,130,150,14,14,16,0,0,-2,1,521
761,4060,14,6,6,80,86,17,17,29,1,0,-12,1,507
762,4061,17,0,0,40,40,18,17,18,1,-1,-1,1,502
763,4062,17,9,9,120,129,10,10,0,1,0,10,0,510
764,4063,11,25,25,130,155,8175,8175,8170,0,0,5,0,526
765,4064,8175,12,12,120,132,8189,8190,4,0,1,-6,1,513
766,4065,8190,32,32,130,162,37,38,41,1,1,-3,1,533
767,4066,38,28,29,140,169,79,79,77,0,0,2,1,529
768,4067,79,4,0,40,40,79,79,91,0,0,-12,1,501
769,4068,79,2,1,40,41,79,79,69,0,0,10,0,501
770,4069,79,36,36,140,176,39,39,35,0,0,4,0,537
771,4070,39,29,29,140,169,2,2,2,0,0,0,0,530
772,4071,2,19,19,130,149,8164,8164,8167,0,0,-3,0,520
773,4072,8164,13,13,130,143,8141,8141,8143,0,0,-2,0,514
774,4074,8141,14,15,130,145,8115,8114,8119,1,-1,-5,0,515
775,4075,8115,9,9,120,129,8097,8096,8098,1,-1,-2,0,510
776,4076,8097,6,6,100,106,8091,8091,8083,0,0,8,0,507
777,4077,8091,22,22,140,162,8057,8057,8061,0,0,-4,0,523
778,4078,8057,18,18,130,148,8030,8030,8031,1,0,-1,0,518
779,4079,8029,5,0,40,40,8030,8029,8043,1,-1,-14,1,501
780,4080,8029,26,26,140,166,8065,8065,8066,0,0,-1,1,527
781,4081,8065,22,22,120,142,8099,8099,8097,0,0,2,1,523
782,4082,8099,21,21,140,161,8133,8133,8130,0,0,3,1,522
783,4083,8133,20,20,140,160,8164,8164,8163,0,0,1,1,521
784,4084,8164,19,19,130,149,0,0,1,0,0,-1,1,520
785,4085,0,14,14,120,134,25,25,24,0,0,1,1,515
786,4086,25,14,14,130,144,48,47,48,0,-1,-1,1,515
787,4087,48,7,7,100,107,59,59,64,0,0,-5,1,509
788,4088,59,19,19,130,149,88,88,88,0,0,0,1,520
789,4089,88,3,0,40,40,88,88,77,0,0,11,0,501
790,4091,88,21,21,120,141,63,63,59,0,0,4,0,522
791,4092,62,4,0,40,40,62,63,75,0,1,-12,1,501
792,4093,63,14,14,130,144,86,86,86,0,0,0,1,515
793,4094,86,8,8,130,138,103,103,103,0,0,0,1,509
794,4095,103,11,11,120,131,88,88,84,0,0,4,0,512
795,4096,88,31,31,140,171,49,49,49,0,0,0,0,532
796,4097,49,34,34,140,174,6,6,7,0,0,-1,0,535
797,4098,6,26,26,130,156,8164,8163,8164,1,-1,-1,0,527
798,4099,8163,18,18,130,148,8187,8187,8191,0,0,-4,1,519
799,4100,8187,25,25,140,165,31,31,31,0,0,0,1,526
800,4101,30,20,21,130,151,61,61,60,0,0,1,1,521
